메인키워드(현장명),인근타현장 메인키워드,세부키워드,상위키워드,시군구,동읍면,통반리,연관키워드,자동완성,연관검색어,수식어,1차조합,상호명키워드,스마트,전문
배방아이유쉘,아산탕정자이센트럴시티,부동산,우방 아이유쉘,아산,대흥동,서리,배방우방아이유쉘,배방우방아이유쉘1차,배방 우방아이유쉘2차,근처,배방아이유쉘부동산,,,
배방우방,아산탕정자이퍼스트시티,분양,우방,천안,성황동,동리,아산배방우방아이유쉘,배방우방아이유쉘상가,배방 우방아이유쉘 1단지,인근,배방아이유쉘분양,,,
배방우방2차,아산탕정동일하이빌파크레인,공인중개사,,천안아산,문화동,교촌리,배방아파트,배방 우방 아이유쉘 1단지 상가,아산배방우방아이유쉘,조용한,배방아이유쉘공인중개사,,,
배방우방아이유쉘,아산모종서한이다음노블리스,부동산사무실,,아산시,사직동,서흥리,아산우방아이유쉘,배방 우방아이유쉘2차,우방아이유쉘,,배방아이유쉘부동산사무실,,,
배방우방아이유쉘1단지,천안휴먼빌퍼스트시티,공인중개사사무소,,천안시,영성동,덕전리,배방우방아이유쉘2단지,배방 우방아이유쉘 전세,배방 아이유쉘,,배방아이유쉘공인중개사사무소,,,
배방우방아이유쉘1단지모델하우스,아산탕정인피니티시티,공인중개사무소,,,오룡동,송전리,아산임대아파트,배방 우방아이유쉘아파,배방 우방,,배방아이유쉘공인중개사무소,,,
배방우방아이유쉘1차,아산탕정인피니티시티2차,공인중개사무실,,,원성동,석천리,아산미분양아파트,배방 우방아이유쉘 2단지,,,배방아이유쉘공인중개사무실,,,
배방우방아이유쉘2단지,아산탕정인피니티시티3차,초품아,,,구성동,동평리,배방읍부동산,배방 우방아이유쉘 관리사무소,,,배방아이유쉘초품아,,,
배방우방아이유쉘2차,,,,,청수동,운전리,아산민간임대아파트,배방 우방아이유쉘 1단지,,,배방우방부동산,,,
아산배방아이유쉘,,,,,삼룡동,남화리,아산아파트,배방우방아이유쉘,,,배방우방분양,,,
,,,,,청당동,지산리,아산우방아이유쉘2차,배방 우방아이유쉘2차,,,배방우방공인중개사,,,
,,,,,유량동,교천리,아산민간임대,배방 우방아이유쉘 1단지,,,배방우방부동산사무실,,,
,,,,,봉명동,신계리,배방우방,아산배방우방아이유쉘,,,배방우방공인중개사사무소,,,
,,,,,다가동,천정리,배방부동산,우방아이유쉘,,,배방우방공인중개사무소,,,
,,,,,용곡동,응원리,아산배방우방아이유쉘2단지,배방 아이유쉘,,,배방우방공인중개사무실,,,
,,,,,신방동,삼성리,천안아파트,배방 우방,,,배방우방초품아,,,
,,,,,쌍용동,도장리,아산미분양,,,,배방우방2차부동산,,,
,,,,,신부동,소사리,아산배방우방아이유쉘2차,,,,배방우방2차분양,,,
,,,,,안서동,풍서리,아산배방아이유쉘,,,,배방우방2차공인중개사,,,
,,,,,구룡동,가송리,아산시아파트,,,,배방우방2차부동산사무실,,,
,,,,,목천읍,미죽리,수성레이크우방아이유쉘,,,,배방우방2차공인중개사사무소,,,
,,,,,풍세면,두남리,아산센트럴시티,,,,배방우방2차공인중개사무소,,,
,,,,,광덕면,남관리,천안아산분양,,,,배방우방2차공인중개사무실,,,
,,,,,북면,삼태리,부동산,,,,배방우방2차초품아,,,
,,,,,성남면,용정리,천안불당동부동산,,,,배방우방아이유쉘부동산,,,
,,,,,수신면,보성리,배방필하우스리버시티,,,,배방우방아이유쉘분양,,,
,,,,,병천면,광덕리,아산시골집,,,,배방우방아이유쉘공인중개사,,,
,,,,,동면,지장리,천안봉명동부동산,,,,배방우방아이유쉘부동산사무실,,,
,,,,,와촌동,보산원리,천안시미분양아파트,,,,배방우방아이유쉘공인중개사사무소,,,
,,,,,성정동,대덕리,배방우방아이유쉘1차,,,,배방우방아이유쉘공인중개사무소,,,
,,,,,백석동,매당리,배방우방아이유쉘1단지,,,,배방우방아이유쉘공인중개사무실,,,
,,,,,두정동,신흥리,배방우방아이유쉘2차,,,,배방우방아이유쉘초품아,,,
,,,,,성성동,무학리,배방필하우스리버시티모델하우스,,,,배방우방아이유쉘1단지부동산,,,
,,,,,차암동,신덕리,배방꿈비채,,,,배방우방아이유쉘1단지분양,,,
,,,,,불당동,행정리,배방메이루즈,,,,배방우방아이유쉘1단지공인중개사,,,
,,,,,업성동,대평리,배방아이유쉘,,,,배방우방아이유쉘1단지부동산사무실,,,
,,,,,신당동,원덕리,배방역,,,,배방우방아이유쉘1단지공인중개사사무소,,,
,,,,,부대동,연춘리,배방우방2차,,,,배방우방아이유쉘1단지공인중개사무소,,,
,,,,,성환읍,상동리,배방읍아파트,,,,배방우방아이유쉘1단지공인중개사무실,,,
,,,,,성거읍,은지리,배방임대아파트,,,,배방우방아이유쉘1단지초품아,,,
,,,,,직산읍,용암리,배방한양수자인2차,,,,배방우방아이유쉘1단지모델하우스부동산,,,
,,,,,입장면,매송리,아산소형아파트,,,,배방우방아이유쉘1단지모델하우스분양,,,
,,,,,온천동,명덕리,아산아이유쉘,,,,배방우방아이유쉘1단지모델하우스공인중개사,,,
,,,,,실옥동,오곡리,아산우방아이유쉘2단지,,,,배방우방아이유쉘1단지모델하우스부동산사무실,,,
,,,,,방축동,사담리,아산탕정삼성트라팰리스,,,,배방우방아이유쉘1단지모델하우스공인중개사사무소,,,
,,,,,기산동,전곡리,우방아이유쉘배방,,,,배방우방아이유쉘1단지모델하우스공인중개사무소,,,
,,,,,초사동,양곡리,천안아산역더리브,,,,배방우방아이유쉘1단지모델하우스공인중개사무실,,,
,,,,,신인동,납안리,탕정삼성트라팰리스,,,,배방우방아이유쉘1단지모델하우스초품아,,,
,,,,,법곡동,운용리,아산배방필하우스리버시티모델하우스,,,,배방우방아이유쉘1차부동산,,,
,,,,,장존동,대평리,아산배방우방아이유쉘2단지모델하우스,,,,배방우방아이유쉘1차분양,,,
,,,,,좌부동,신덕리,월천지구배방필하우스,,,,배방우방아이유쉘1차공인중개사,,,
,,,,,읍내동,봉양리,배방우방아이유쉘1단지모델하우스,,,,배방우방아이유쉘1차부동산사무실,,,
,,,,,풍기동,대흥리,아산배방월세,,,,배방우방아이유쉘1차공인중개사사무소,,,
,,,,,용화동,대정리,신아산모아엘가비스타2차,,,,배방우방아이유쉘1차공인중개사무소,,,
,,,,,모종동,석곡리,아산삼정백조아파트,,,,배방우방아이유쉘1차공인중개사무실,,,
,,,,,권곡동,용원리,아산배방원룸,,,,배방우방아이유쉘1차초품아,,,
,,,,,배미동,신사리,탕정호반써밋,,,,배방우방아이유쉘2단지부동산,,,
,,,,,득산동,대화리,아산줌파크,,,,배방우방아이유쉘2단지분양,,,
,,,,,점양동,화성리,아산방축KD아람채,,,,배방우방아이유쉘2단지공인중개사,,,
,,,,,신동,속창리,아산빌라,,,,배방우방아이유쉘2단지부동산사무실,,,
,,,,,남동,신풍리,아산시아파트전세,,,,배방우방아이유쉘2단지공인중개사사무소,,,
,,,,,염치읍,해정리,아산아람채,,,,배방우방아이유쉘2단지공인중개사무소,,,
,,,,,배방읍,백자리,아산전세아파트,,,,배방우방아이유쉘2단지공인중개사무실,,,
,,,,,송악면,발산리,KD아람채,,,,배방우방아이유쉘2단지초품아,,,
,,,,,탕정면,장산리,아산배방아파트,,,,배방우방아이유쉘2차부동산,,,
,,,,,음봉면,가전리,아산월세,,,,배방우방아이유쉘2차분양,,,
,,,,,둔포면,병천리,아산분양예정,,,,배방우방아이유쉘2차공인중개사,,,
,,,,,영인면,탑원리,아산삼일파라뷰,,,,배방우방아이유쉘2차부동산사무실,,,
,,,,,인주면,도원리,아산전세,,,,배방우방아이유쉘2차공인중개사사무소,,,
,,,,,도고면,매성리,충남아산부동산,,,,배방우방아이유쉘2차공인중개사무소,,,
,,,,,면천면,관성리,아산칸타빌,,,,배방우방아이유쉘2차공인중개사무실,,,
,,,,,신창면,봉항리,탕정트라팰리스,,,,배방우방아이유쉘2차초품아,,,
,,,,,,용두리,아산KD아람채,,,,아산배방아이유쉘부동산,,,
,,,,,,송정리,월천지구필하우스,,,,아산배방아이유쉘분양,,,
,,,,,,구도리,북천안자이포레스트,,,,아산배방아이유쉘공인중개사,,,
,,,,,,송연리,아산아파트전세,,,,아산배방아이유쉘부동산사무실,,,
,,,,,,화계리,리슈빌센트럴시티,,,,아산배방아이유쉘공인중개사사무소,,,
,,,,,,광덕리,아산아파트월세,,,,아산배방아이유쉘공인중개사무소,,,
,,,,,,동산리,아산투룸,,,,아산배방아이유쉘공인중개사무실,,,
,,,,,,행암리,아산더스카이,,,,아산배방아이유쉘초품아,,,
,,,,,,덕성리,아산벨코어스위첸,,,,,,,
,,,,,,죽계리,온양온천역더스카이,,,,,,,
,,,,,,장송리,안심전세,,,,,,,
,,,,,,수남리,아산힐스테이트자이,,,,,,,
,,,,,,화덕리,온양온천더스카이,,,,,,,
,,,,,,성환리,아산리슈빌센트럴시티,,,,,,,
,,,,,,성월리,아산센트럴파크,,,,,,,
,,,,,,매주리,아산투룸전세,,,,,,,
,,,,,,율금리,아산시임대아파트,,,,,,,
,,,,,,왕림리,아산리슈빌센트럴시티분양가,,,,,,,
,,,,,,신방리,아산센트럴,,,,,,,
,,,,,,송덕리,1억미만아파트,,,,,,,
,,,,,,우신리,1억아파트,,,,,,,
,,,,,,어룡리,배방산,,,,,,,
,,,,,,복모리,불당전세,,,,,,,
,,,,,,신가리,삼정백조,,,,,,,
,,,,,,와룡리,아산백조아파트,,,,,,,
,,,,,,학정리,아산시고시원,,,,,,,
,,,,,,대홍리,아산시고시텔,,,,,,,
,,,,,,수향리,아산시아파트월세,,,,,,,
,,,,,,안궁리,아산시원룸,,,,,,,
,,,,,,양령리,아산시전세,,,,,,,
,,,,,,도하리,청양군전세,,,,,,,
,,,,,,송남리,풍세원룸,,,,,,,
,,,,,,천흥리,호서대원룸,,,,,,,
,,,,,,오목리,아산시미분양아파트,,,,,,,
,,,,,,오색당리,파동우방아이유쉘,,,,,,,
,,,,,,저리,아산탕정푸르지오리버파크,,,,,,,
,,,,,,모전리,아산리슈빌,,,,,,,
,,,,,,삼곡리,아산시아파트매매,,,,,,,
,,,,,,정촌리,아산아파트매매,,,,,,,
,,,,,,문덕리,배방분양,,,,,,,
,,,,,,석교리,아산시아파트분양,,,,,,,
,,,,,,요방리,안성공도우방,,,,,,,
,,,,,,소우리,월천한성,,,,,,,
,,,,,,신월리,아산한신더휴,,,,,,,
,,,,,,군동리,천안역경남아너스빌어반하이츠모델하우스,,,,,,,
,,,,,,군서리,아산모종동아파트,,,,,,,
,,,,,,남산리,힐스테이트모종블랑루체분양가,,,,,,,
,,,,,,판정리,힐스테이트아산모종,,,,,,,
,,,,,,수헐리,아산모종힐스테이트블랑루체,,,,,,,
,,,,,,삼은리,온양온천역,,,,,,,
,,,,,,상덕리,아산모종힐스테이트,,,,,,,
,,,,,,부송리,아산블랑루체,,,,,,,
,,,,,,모시리,신창모아엘가,,,,,,,
,,,,,,자은가리,아산모아엘가2차,,,,,,,
,,,,,,양당리,아산센트럴시티리슈빌,,,,,,,
,,,,,,신갈리,아산탕정분양,,,,,,,
,,,,,,마정리,탕정힐스테이트자이,,,,,,,
,,,,,,석곡리,한양수자인에코시티,,,,,,,
,,,,,,하장리,아산힐스테이트모종블랑루체,,,,,,,
,,,,,,상장리,탕정청약,,,,,,,
,,,,,,기로리,파동우방,,,,,,,
,,,,,,도림리,아산삼부르네상스더힐,,,,,,,
,,,,,,양대리,아산한신더휴아파트,,,,,,,
,,,,,,홍천리,한신더휴아산,,,,,,,
,,,,,,호당리,아산신라아파트,,,,,,,
,,,,,,시장리,블랑루체,,,,,,,
,,,,,,효계리,천안아파트월세,,,,,,,
,,,,,,신덕리,모종동아파트,,,,,,,
,,,,,,신두리,천안아산부동산,,,,,,,
,,,,,,용정리,모종힐스테이트,,,,,,,
,,,,,,흑암리,아산부동산,,,,,,,
,,,,,,산정리,아산힐스테이트모종,,,,,,,
,,,,,,연곡리,모종동블랑루체,,,,,,,
,,,,,,가산리,수성레이크우방,,,,,,,
,,,,,,유리,아산탕정지구,,,,,,,
,,,,,,독정리,모종힐스테이트블랑루체,,,,,,,
,,,,,,산양리,양산부동산,,,,,,,
,,,,,,강청리,아산삼부르네상스,,,,,,,
,,,,,,서원리,힐스테이트자이아산센텀,,,,,,,
,,,,,,중방리,아산배방라온프라이빗,,,,,,,
,,,,,,염성리,아산모종2지구,,,,,,,
,,,,,,쌍죽리,아산아파트시세,,,,,,,
,,,,,,동정리,아산현대힐스테이트,,,,,,,
,,,,,,곡교리,힐스테이트네오루체,,,,,,,
,,,,,,석두리,힐스테이트모종,,,,,,,
,,,,,,석정리,신창삼부르네상스,,,,,,,
,,,,,,방현리,힐스테이트모종블랑루체,,,,,,,
,,,,,,송곡리,천안아산청약,,,,,,,
,,,,,,백암리,월천지구한성필하우스,,,,,,,
,,,,,,대동리,아산오피스텔,,,,,,,
,,,,,,중리,직산더샵,,,,,,,
,,,,,,수철리,아산모종블랑루체,,,,,,,
,,,,,,신흥리,힐스테이트블랑루체,,,,,,,
,,,,,,공수리,힐스테이트모종네오루체,,,,,,,
,,,,,,북수리,충남분양,,,,,,,
,,,,,,회룡리,충청남도청약,,,,,,,
,,,,,,세출리,탕정분양예정,,,,,,,
,,,,,,갈매리,탕정분양일정,,,,,,,
,,,,,,세교리,아산신축아파트,,,,,,,
,,,,,,휴대리,모종힐스테이트네오루체,,,,,,,
,,,,,,장재리,아산시아파트청약,,,,,,,
,,,,,,구령리,둔포이지더원,,,,,,,
,,,,,,역촌리,모종동힐스테이트블랑루체,,,,,,,
,,,,,,평촌리,아산모종동힐스테이트,,,,,,,
,,,,,,외암리,배방한성,,,,,,,
,,,,,,강당리,아산분양아파트,,,,,,,
,,,,,,마곡리,한성필하우스리버시티,,,,,,,
,,,,,,궁평리,아산힐스테이트블랑루체,,,,,,,
,,,,,,유곡리,삼부르네상스더힐,,,,,,,
,,,,,,송학리,탕정분양,,,,,,,
,,,,,,종곡리,북수리상가,,,,,,,
,,,,,,거산리,용화동상가,,,,,,,
,,,,,,강장리,용화동원룸,,,,,,,
,,,,,,수곡리,모종동힐스테이트,,,,,,,
,,,,,,동화리,아산청약,,,,,,,
,,,,,,용두리,필하우스리버시티,,,,,,,
,,,,,,명암리,아산시분양아파트,,,,,,,
,,,,,,동산리,탕정역분양,,,,,,,
,,,,,,호산리,대구입주아파트,,,,,,,
,,,,,,매곡리,수성우방,,,,,,,
,,,,,,갈산리,수성우방아이유쉘,,,,,,,
,,,,,,삼거리,양산분양아파트,,,,,,,
,,,,,,동천리,아산아르니퍼스트,,,,,,,
,,,,,,신수리,양산미분양,,,,,,,
,,,,,,신정리,천안아산아파트,,,,,,,
,,,,,,산정리,아산리버뷰힐스테이트,,,,,,,
,,,,,,원남리,아산시분양,,,,,,,
,,,,,,소동리,배방삼정그린코아,,,,,,,
,,,,,,신휴리,아산분양,,,,,,,
,,,,,,의식리,배필리,,,,,,,
,,,,,,쌍암리,수성구할인분양,,,,,,,
,,,,,,쌍룡리,아산탕정청약,,,,,,,
,,,,,,월랑리,아산그랜드자이,,,,,,,
,,,,,,산동리,탕정리버파크,,,,,,,
,,,,,,덕지리,힐스테이트아산,,,,,,,
,,,,,,동암리,아산아파트분양,,,,,,,
,,,,,,송촌리,준공후미분양,,,,,,,
,,,,,,둔포리,한성필하우스,,,,,,,
,,,,,,송용리,배방상가,,,,,,,
,,,,,,시포리,아산탕정호반써밋,,,,,,,
,,,,,,신법리,탕정아파트분양,,,,,,,
,,,,,,신남리,아산더힐,,,,,,,
,,,,,,신항리,아산탕정아파트분양,,,,,,,
,,,,,,관대리,아산힐스테이트,,,,,,,
,,,,,,산전리,배방리버시티,,,,,,,
,,,,,,신양리,충남아파트분양,,,,,,,
,,,,,,봉재리,배방라온프라이빗,,,,,,,
,,,,,,운교리,탕정아파트,,,,,,,
,,,,,,석곡리,봉명이안,,,,,,,
,,,,,,운용리,오송역파라곤센트럴시티,,,,,,,
,,,,,,신왕리,충청남도아파트분양,,,,,,,
,,,,,,염작리,천안아산역이지더원,,,,,,,
,,,,,,아산리,아산푸르지오센터파크,,,,,,,
,,,,,,상성리,평택투룸월세,,,,,,,
,,,,,,신현리,방축동아르니퍼스트,,,,,,,
,,,,,,월선리,천안아파트분양예정,,,,,,,
,,,,,,신운리,배방필하우스,,,,,,,
,,,,,,백석포리,배방한성필하우스리버시티분양가,,,,,,,
,,,,,,와우리,아산더샵센트로,,,,,,,
,,,,,,구성리,천안역민간임대아파트,,,,,,,
,,,,,,창용리,아산테크노밸리7차,,,,,,,
,,,,,,신봉리,천안아산아파트분양,,,,,,,
,,,,,,성내리,신불당상가임대,,,,,,,
,,,,,,신화리,아산자이모델하우스,,,,,,,
,,,,,,역리,이편한세상천안역,,,,,,,
,,,,,,공세리,배방한성필하우스리버시티,,,,,,,
,,,,,,시전리,아산자이아파트,,,,,,,
,,,,,,원동리,월천한성필하우스,,,,,,,
,,,,,,창암리,아산탕정아파트,,,,,,,
,,,,,,행목리,배방한성리버시티,,,,,,,
,,,,,,밀두리,배방아파트분양,,,,,,,
,,,,,,해암리,아산필하우스,,,,,,,
,,,,,,대음리,아산배방필하우스리버시티,,,,,,,
,,,,,,읍내리,월천필하우스,,,,,,,
,,,,,,남성리,배방원룸,,,,,,,
,,,,,,가내리,아산신도시센트럴시티,,,,,,,
,,,,,,,아산테크노밸리이지더원,,,,,,,
,,,,,,,충남미분양아파트,,,,,,,
,,,,,,,아산온천동힐스테이트,,,,,,,
,,,,,,,아산리버시티,,,,,,,
,,,,,,,월천지구한성,,,,,,,
,,,,,,,맘까페,,,,,,,
,,,,,,,배방라온,,,,,,,
,,,,,,,아산라온,,,,,,,
,,,,,,,아산라온프라이빗,,,,,,,
,,,,,,,아산배방라온,,,,,,,
,,,,,,,아산배방프라이빗,,,,,,,
,,,,,,,아르니퍼스트,,,,,,,
,,,,,,,탕정금강펜테리움,,,,,,,
,,,,,,,아산이지더원,,,,,,,
,,,,,,,아산배방한성필하우스,,,,,,,
,,,,,,,천안아산역자이,,,,,,,
,,,,,,,천안아산역자이퍼스트시티,,,,,,,
,,,,,,,천안아산자이,,,,,,,
,,,,,,,둔포이지더원7차,,,,,,,
,,,,,,,아산아르니,,,,,,,
,,,,,,,천안아산민간임대,,,,,,,
,,,,,,,원성동상가임대,,,,,,,
,,,,,,,아산배방필하우스,,,,,,,
,,,,,,,아산탕정리버파크,,,,,,,
,,,,,,,탕정포스코청약,,,,,,,
,,,,,,,탕정푸르지오리버파크미분양,,,,,,,
,,,,,,,탕정푸르지오리버파크분양,,,,,,,
,,,,,,,배방한성필하우스,,,,,,,
,,,,,,,배방한성필하우스모델하우스,,,,,,,
,,,,,,,아산아파트미분양,,,,,,,
,,,,,,,탕정푸르지오리버파크,,,,,,,
,,,,,,,탕정자이,,,,,,,
,,,,,,,아산한성필하우스,,,,,,,
,,,,,,,원성동E편한세상,,,,,,,
,,,,,,,아산시부동산,,,,,,,
,,,,,,,온천동힐스테이트,,,,,,,
,,,,,,,아산시아르니퍼스트,,,,,,,
,,,,,,,안성우방,,,,,,,
,,,,,,,우방아이유쉘안성,,,,,,,
,,,,,,,천안아산분양아파트,,,,,,,
,,,,,,,아산탕정,,,,,,,
,,,,,,,온양힐스테이트,,,,,,,
,,,,,,,양산미분양아파트,,,,,,,
,,,,,,,아산원룸매매,,,,,,,
,,,,,,,아산탕정자이,,,,,,,
,,,,,,,한화포레나천안아산역,,,,,,,
,,,,,,,신불당상가매매,,,,,,,
,,,,,,,아산탕정푸르지오모델하우스,,,,,,,
,,,,,,,탕정대우,,,,,,,
,,,,,,,수성구아파트매매,,,,,,,
,,,,,,,아산모델하우스,,,,,,,
,,,,,,,천안아산미분양아파트,,,,,,,
,,,,,,,아산휴대지구,,,,,,,
,,,,,,,부동산전망,,,,,,,
,,,,,,,천안분양정보,,,,,,,
,,,,,,,부산북구부동산,,,,,,,
,,,,,,,양산신규아파트,,,,,,,
,,,,,,,배방투룸,,,,,,,
,,,,,,,천안아파트분양권,,,,,,,
,,,,,,,천안아파트전세,,,,,,,
,,,,,,,천안스카이움,,,,,,,
,,,,,,,천안아산오피스텔,,,,,,,
,,,,,,,양산분양,,,,,,,
,,,,,,,배방역효성해링턴플레이스,,,,,,,
,,,,,,,배방휴대지구,,,,,,,
,,,,,,,서희스타힐스천안,,,,,,,
,,,,,,,서희스타힐스천안아산,,,,,,,
,,,,,,,서희스타힐스천안아산역,,,,,,,
,,,,,,,신방신흥지구,,,,,,,
,,,,,,,신방푸르지오,,,,,,,
,,,,,,,아산금강펜테리움,,,,,,,
,,,,,,,아산지역주택조합,,,,,,,
,,,,,,,직산서희,,,,,,,
,,,,,,,천안극동스타클래스,,,,,,,
,,,,,,,천안대단지아파트,,,,,,,
,,,,,,,천안빌라,,,,,,,
,,,,,,,천안서희스타힐스더클래식,,,,,,,
,,,,,,,천안시아파트시세,,,,,,,
,,,,,,,천안시티자이,,,,,,,
,,,,,,,천안쌍용동전세,,,,,,,
,,,,,,,천안쓰리룸,,,,,,,
,,,,,,,천안아산분양정보,,,,,,,
,,,,,,,천안아산서희스타힐스더클래식,,,,,,,
,,,,,,,천안아산신축아파트,,,,,,,
,,,,,,,천안아산아파트매매,,,,,,,
,,,,,,,천안아산아파트전세,,,,,,,
,,,,,,,천안아산역광역복합환승센터,,,,,,,
,,,,,,,천안아산역리슈빌,,,,,,,
,,,,,,,천안아산역복합환승센터,,,,,,,
,,,,,,,천안아산역스타힐스,,,,,,,
,,,,,,,천안아산역아파트,,,,,,,
,,,,,,,천안아산역한화포레나,,,,,,,
,,,,,,,천안아파트분양정보,,,,,,,
,,,,,,,천안아파트전망,,,,,,,
,,,,,,,천안오피스텔월세,,,,,,,
,,,,,,,천안오피스텔전세,,,,,,,
,,,,,,,천안직산금호어울림,,,,,,,
,,,,,,,천안집값,,,,,,,
,,,,,,,천안청당동롯데캐슬,,,,,,,
,,,,,,,천안청당서희스타힐스,,,,,,,
,,,,,,,천안청약아파트,,,,,,,
,,,,,,,천안청약일정,,,,,,,
,,,,,,,천안투룸오피스텔,,,,,,,
,,,,,,,천안풍세아파트,,,,,,,
,,,,,,,청수동극동스타클래스,,,,,,,
,,,,,,,청수동아파트,,,,,,,
,,,,,,,청수동전세,,,,,,,
,,,,,,,휴대리아파트,,,,,,,
,,,,,,,휴대지구,,,,,,,
,,,,,,,더샾신부센트라,,,,,,,
,,,,,,,신부동더샵센트라,,,,,,,
,,,,,,,천안더샵신부센트라모델하우스,,,,,,,
,,,,,,,아산자이분양가,,,,,,,
,,,,,,,양산아파트분양,,,,,,,
,,,,,,,아산테크노밸리이지더원7차,,,,,,,
,,,,,,,아산자이그랜드파크1단지,,,,,,,
,,,,,,,양산오피스텔,,,,,,,
,,,,,,,아산배방휴대지구,,,,,,,
,,,,,,,양산신축아파트,,,,,,,
,,,,,,,E편한세상천안역,,,,,,,
,,,,,,,천안역오피스텔,,,,,,,
,,,,,,,양산5차비스타동원,,,,,,,
,,,,,,,천안모델하우스,,,,,,,
,,,,,,,벽산블루밍,,,,,,,
,,,,,,,양산아파트,,,,,,,
,,,,,,,천안아산역서희스타힐스분양가,,,,,,,
,,,,,,,당진아파트분양,,,,,,,
,,,,,,,아산자이그랜드파크모델하우스,,,,,,,
,,,,,,,삼일파라뷰,,,,,,,
,,,,,,,천안청약,,,,,,,
,,,,,,,천안분양예정,,,,,,,
,,,,,,,천안소형아파트,,,,,,,
,,,,,,,천안아산역서희,,,,,,,
,,,,,,,천안아산서희,,,,,,,
,,,,,,,탕정더샵인피니티시티2차,,,,,,,
,,,,,,,양산덕계동원,,,,,,,
,,,,,,,양산덕계동원비스타,,,,,,,
,,,,,,,양산동원5차,,,,,,,
,,,,,,,신불당상가,,,,,,,
,,,,,,,양산시아파트,,,,,,,
,,,,,,,양산시아파트시세,,,,,,,
,,,,,,,원룸월세,,,,,,,
,,,,,,,아산힐스테이트센트럴,,,,,,,
,,,,,,,천안아파트청약,,,,,,,
,,,,,,,천안시아파트매매,,,,,,,
,,,,,,,천안아산역서희스타힐스모델하우스,,,,,,,
,,,,,,,아산서희스타힐스,,,,,,,
,,,,,,,천안오피스텔분양,,,,,,,
,,,,,,,휴대리서희,,,,,,,
,,,,,,,탕정푸르지오리버파크모델하우스,,,,,,,
,,,,,,,천안아산역오피스텔,,,,,,,
,,,,,,,천안임대아파트분양,,,,,,,
,,,,,,,천안시분양아파트,,,,,,,
,,,,,,,천안서희스타힐스,,,,,,,
,,,,,,,천안분양권,,,,,,,
,,,,,,,배방한성필하우스리버시티모델하우스,,,,,,,
,,,,,,,천안공공임대,,,,,,,
,,,,,,,휴대지구서희스타힐스,,,,,,,
,,,,,,,아산휴대지구서희,,,,,,,
,,,,,,,직산역서희스타힐스,,,,,,,
,,,,,,,아산휴대지구서희스타힐스,,,,,,,
,,,,,,,천안신축아파트,,,,,,,
,,,,,,,수성해모로하이엔,,,,,,,
,,,,,,,아산용화동자이,,,,,,,
,,,,,,,천안GTX,,,,,,,
,,,,,,,아산자이그랜드파크2단지,,,,,,,
,,,,,,,풍세한양수자인,,,,,,,
,,,,,,,천안롯데캐슬더청당,,,,,,,
,,,,,,,아산이지더원7차,,,,,,,
,,,,,,,천안미분양,,,,,,,
,,,,,,,천안아산역분양,,,,,,,
,,,,,,,휴대리서희스타힐스,,,,,,,
,,,,,,,천안아산서희스타힐스,,,,,,,
,,,,,,,천안아산역,,,,,,,
,,,,,,,부성역우남,,,,,,,
,,,,,,,배방서희스타힐스,,,,,,,
,,,,,,,탕정호반써밋그랜드마크,,,,,,,
,,,,,,,원성동이편한세상,,,,,,,
,,,,,,,서희스타힐스더클래식,,,,,,,
,,,,,,,천안아파트미분양,,,,,,,
,,,,,,,천안분양,,,,,,,
,,,,,,,배방더샵센트로,,,,,,,
,,,,,,,북천안자이,,,,,,,
,,,,,,,직산서희아파트,,,,,,,
,,,,,,,천안불당동아파트,,,,,,,
,,,,,,,천안쌍용동아파트,,,,,,,
,,,,,,,천안아산청약일정,,,,,,,
,,,,,,,신부센트라,,,,,,,