아산,배방,,,,탕정,,,,온천동,
시 부,시 동 통 부,시 동 부,동 통 부,통 부,시 동 통 부,시 동 부,동 통 부,통 부,시 동 부,동 부
아산 부동산,아산 배방읍 수철리 부동산,아산 배방읍 부동산,배방읍 수철리 부동산,수철리 부동산,아산 탕정면 매곡리 부동산,아산 탕정면 부동산,탕정면 매곡리 부동산,매곡리 부동산,아산 온천동 부동산,온천동 부동산
아산 분양,아산 배방읍 수철리 분양,아산 배방읍 분양,배방읍 수철리 분양,수철리 분양,아산 탕정면 매곡리 분양,아산 탕정면 분양,탕정면 매곡리 분양,매곡리 분양,아산 온천동 분양,온천동 분양
아산 공인중개사,아산 배방읍 수철리 공인중개사,아산 배방읍 공인중개사,배방읍 수철리 공인중개사,수철리 공인중개사,아산 탕정면 매곡리 공인중개사,아산 탕정면 공인중개사,탕정면 매곡리 공인중개사,매곡리 공인중개사,아산 온천동 공인중개사,온천동 공인중개사
아산 부동산사무실,아산 배방읍 수철리 부동산사무실,아산 배방읍 부동산사무실,배방읍 수철리 부동산사무실,수철리 부동산사무실,아산 탕정면 매곡리 부동산사무실,아산 탕정면 부동산사무실,탕정면 매곡리 부동산사무실,매곡리 부동산사무실,아산 온천동 부동산사무실,온천동 부동산사무실
아산 공인중개사사무소,아산 배방읍 수철리 공인중개사사무소,아산 배방읍 공인중개사사무소,배방읍 수철리 공인중개사사무소,수철리 공인중개사사무소,아산 탕정면 매곡리 공인중개사사무소,아산 탕정면 공인중개사사무소,탕정면 매곡리 공인중개사사무소,매곡리 공인중개사사무소,아산 온천동 공인중개사사무소,온천동 공인중개사사무소
아산 공인중개사무소,아산 배방읍 수철리 공인중개사무소,아산 배방읍 공인중개사무소,배방읍 수철리 공인중개사무소,수철리 공인중개사무소,아산 탕정면 매곡리 공인중개사무소,아산 탕정면 공인중개사무소,탕정면 매곡리 공인중개사무소,매곡리 공인중개사무소,아산 온천동 공인중개사무소,온천동 공인중개사무소
아산 공인중개사무실,아산 배방읍 수철리 공인중개사무실,아산 배방읍 공인중개사무실,배방읍 수철리 공인중개사무실,수철리 공인중개사무실,아산 탕정면 매곡리 공인중개사무실,아산 탕정면 공인중개사무실,탕정면 매곡리 공인중개사무실,매곡리 공인중개사무실,아산 온천동 공인중개사무실,온천동 공인중개사무실
아산시 부동산,아산 배방읍 공수리 부동산,아산 배방 부동산,배방읍 공수리 부동산,공수리 부동산,아산 탕정면 명암리 부동산,아산 탕정 부동산,탕정면 명암리 부동산,명암리 부동산,아산시 온천동 부동산,
아산시 분양,아산 배방읍 공수리 분양,아산 배방 분양,배방읍 공수리 분양,공수리 분양,아산 탕정면 명암리 분양,아산 탕정 분양,탕정면 명암리 분양,명암리 분양,아산시 온천동 분양,
아산시 공인중개사,아산 배방읍 공수리 공인중개사,아산 배방 공인중개사,배방읍 공수리 공인중개사,공수리 공인중개사,아산 탕정면 명암리 공인중개사,아산 탕정 공인중개사,탕정면 명암리 공인중개사,명암리 공인중개사,아산시 온천동 공인중개사,
아산시 부동산사무실,아산 배방읍 공수리 부동산사무실,아산 배방 부동산사무실,배방읍 공수리 부동산사무실,공수리 부동산사무실,아산 탕정면 명암리 부동산사무실,아산 탕정 부동산사무실,탕정면 명암리 부동산사무실,명암리 부동산사무실,아산시 온천동 부동산사무실,
아산시 공인중개사사무소,아산 배방읍 공수리 공인중개사사무소,아산 배방 공인중개사사무소,배방읍 공수리 공인중개사사무소,공수리 공인중개사사무소,아산 탕정면 명암리 공인중개사사무소,아산 탕정 공인중개사사무소,탕정면 명암리 공인중개사사무소,명암리 공인중개사사무소,아산시 온천동 공인중개사사무소,
아산시 공인중개사무소,아산 배방읍 공수리 공인중개사무소,아산 배방 공인중개사무소,배방읍 공수리 공인중개사무소,공수리 공인중개사무소,아산 탕정면 명암리 공인중개사무소,아산 탕정 공인중개사무소,탕정면 명암리 공인중개사무소,명암리 공인중개사무소,아산시 온천동 공인중개사무소,
아산시 공인중개사무실,아산 배방읍 공수리 공인중개사무실,아산 배방 공인중개사무실,배방읍 공수리 공인중개사무실,공수리 공인중개사무실,아산 탕정면 명암리 공인중개사무실,아산 탕정 공인중개사무실,탕정면 명암리 공인중개사무실,명암리 공인중개사무실,아산시 온천동 공인중개사무실,
,아산 배방읍 북수리 부동산,아산시 배방읍 부동산,배방읍 북수리 부동산,북수리 부동산,아산 탕정면 갈산리 부동산,아산시 탕정면 부동산,탕정면 갈산리 부동산,갈산리 부동산,,
,아산 배방읍 북수리 분양,아산시 배방읍 분양,배방읍 북수리 분양,북수리 분양,아산 탕정면 갈산리 분양,아산시 탕정면 분양,탕정면 갈산리 분양,갈산리 분양,,
,아산 배방읍 북수리 공인중개사,아산시 배방읍 공인중개사,배방읍 북수리 공인중개사,북수리 공인중개사,아산 탕정면 갈산리 공인중개사,아산시 탕정면 공인중개사,탕정면 갈산리 공인중개사,갈산리 공인중개사,,
,아산 배방읍 북수리 부동산사무실,아산시 배방읍 부동산사무실,배방읍 북수리 부동산사무실,북수리 부동산사무실,아산 탕정면 갈산리 부동산사무실,아산시 탕정면 부동산사무실,탕정면 갈산리 부동산사무실,갈산리 부동산사무실,,
,아산 배방읍 북수리 공인중개사사무소,아산시 배방읍 공인중개사사무소,배방읍 북수리 공인중개사사무소,북수리 공인중개사사무소,아산 탕정면 갈산리 공인중개사사무소,아산시 탕정면 공인중개사사무소,탕정면 갈산리 공인중개사사무소,갈산리 공인중개사사무소,,
,아산 배방읍 북수리 공인중개사무소,아산시 배방읍 공인중개사무소,배방읍 북수리 공인중개사무소,북수리 공인중개사무소,아산 탕정면 갈산리 공인중개사무소,아산시 탕정면 공인중개사무소,탕정면 갈산리 공인중개사무소,갈산리 공인중개사무소,,
,아산 배방읍 북수리 공인중개사무실,아산시 배방읍 공인중개사무실,배방읍 북수리 공인중개사무실,북수리 공인중개사무실,아산 탕정면 갈산리 공인중개사무실,아산시 탕정면 공인중개사무실,탕정면 갈산리 공인중개사무실,갈산리 공인중개사무실,,
,아산 배방읍 세교리 부동산,아산시 배방 부동산,배방읍 세교리 부동산,세교리 부동산,아산 탕정면 호산리 부동산,아산시 탕정 부동산,탕정면 호산리 부동산,호산리 부동산,,
,아산 배방읍 세교리 분양,아산시 배방 분양,배방읍 세교리 분양,세교리 분양,아산 탕정면 호산리 분양,아산시 탕정 분양,탕정면 호산리 분양,호산리 분양,,
,아산 배방읍 세교리 공인중개사,아산시 배방 공인중개사,배방읍 세교리 공인중개사,세교리 공인중개사,아산 탕정면 호산리 공인중개사,아산시 탕정 공인중개사,탕정면 호산리 공인중개사,호산리 공인중개사,,
,아산 배방읍 세교리 부동산사무실,아산시 배방 부동산사무실,배방읍 세교리 부동산사무실,세교리 부동산사무실,아산 탕정면 호산리 부동산사무실,아산시 탕정 부동산사무실,탕정면 호산리 부동산사무실,호산리 부동산사무실,,
,아산 배방읍 세교리 공인중개사사무소,아산시 배방 공인중개사사무소,배방읍 세교리 공인중개사사무소,세교리 공인중개사사무소,아산 탕정면 호산리 공인중개사사무소,아산시 탕정 공인중개사사무소,탕정면 호산리 공인중개사사무소,호산리 공인중개사사무소,,
,아산 배방읍 세교리 공인중개사무소,아산시 배방 공인중개사무소,배방읍 세교리 공인중개사무소,세교리 공인중개사무소,아산 탕정면 호산리 공인중개사무소,아산시 탕정 공인중개사무소,탕정면 호산리 공인중개사무소,호산리 공인중개사무소,,
,아산 배방읍 세교리 공인중개사무실,아산시 배방 공인중개사무실,배방읍 세교리 공인중개사무실,세교리 공인중개사무실,아산 탕정면 호산리 공인중개사무실,아산시 탕정 공인중개사무실,탕정면 호산리 공인중개사무실,호산리 공인중개사무실,,
,아산 배방읍 휴대리 부동산,,배방읍 휴대리 부동산,휴대리 부동산,아산 탕정면 동산리 부동산,,탕정면 동산리 부동산,동산리 부동산,,
,아산 배방읍 휴대리 분양,,배방읍 휴대리 분양,휴대리 분양,아산 탕정면 동산리 분양,,탕정면 동산리 분양,동산리 분양,,
,아산 배방읍 휴대리 공인중개사,,배방읍 휴대리 공인중개사,휴대리 공인중개사,아산 탕정면 동산리 공인중개사,,탕정면 동산리 공인중개사,동산리 공인중개사,,
,아산 배방읍 휴대리 부동산사무실,,배방읍 휴대리 부동산사무실,휴대리 부동산사무실,아산 탕정면 동산리 부동산사무실,,탕정면 동산리 부동산사무실,동산리 부동산사무실,,
,아산 배방읍 휴대리 공인중개사사무소,,배방읍 휴대리 공인중개사사무소,휴대리 공인중개사사무소,아산 탕정면 동산리 공인중개사사무소,,탕정면 동산리 공인중개사사무소,동산리 공인중개사사무소,,
,아산 배방읍 휴대리 공인중개사무소,,배방읍 휴대리 공인중개사무소,휴대리 공인중개사무소,아산 탕정면 동산리 공인중개사무소,,탕정면 동산리 공인중개사무소,동산리 공인중개사무소,,
,아산 배방읍 휴대리 공인중개사무실,,배방읍 휴대리 공인중개사무실,휴대리 공인중개사무실,아산 탕정면 동산리 공인중개사무실,,탕정면 동산리 공인중개사무실,동산리 공인중개사무실,,
,아산 배방읍 장재리 부동산,,배방읍 장재리 부동산,장재리 부동산,아산 탕정 매곡리 부동산,,탕정 매곡리 부동산,,,
,아산 배방읍 장재리 분양,,배방읍 장재리 분양,장재리 분양,아산 탕정 매곡리 분양,,탕정 매곡리 분양,,,
,아산 배방읍 장재리 공인중개사,,배방읍 장재리 공인중개사,장재리 공인중개사,아산 탕정 매곡리 공인중개사,,탕정 매곡리 공인중개사,,,
,아산 배방읍 장재리 부동산사무실,,배방읍 장재리 부동산사무실,장재리 부동산사무실,아산 탕정 매곡리 부동산사무실,,탕정 매곡리 부동산사무실,,,
,아산 배방읍 장재리 공인중개사사무소,,배방읍 장재리 공인중개사사무소,장재리 공인중개사사무소,아산 탕정 매곡리 공인중개사사무소,,탕정 매곡리 공인중개사사무소,,,
,아산 배방읍 장재리 공인중개사무소,,배방읍 장재리 공인중개사무소,장재리 공인중개사무소,아산 탕정 매곡리 공인중개사무소,,탕정 매곡리 공인중개사무소,,,
,아산 배방읍 장재리 공인중개사무실,,배방읍 장재리 공인중개사무실,장재리 공인중개사무실,아산 탕정 매곡리 공인중개사무실,,탕정 매곡리 공인중개사무실,,,
,아산 배방 수철리 부동산,,배방 수철리 부동산,,아산 탕정 명암리 부동산,,탕정 명암리 부동산,,,
,아산 배방 수철리 분양,,배방 수철리 분양,,아산 탕정 명암리 분양,,탕정 명암리 분양,,,
,아산 배방 수철리 공인중개사,,배방 수철리 공인중개사,,아산 탕정 명암리 공인중개사,,탕정 명암리 공인중개사,,,
,아산 배방 수철리 부동산사무실,,배방 수철리 부동산사무실,,아산 탕정 명암리 부동산사무실,,탕정 명암리 부동산사무실,,,
,아산 배방 수철리 공인중개사사무소,,배방 수철리 공인중개사사무소,,아산 탕정 명암리 공인중개사사무소,,탕정 명암리 공인중개사사무소,,,
,아산 배방 수철리 공인중개사무소,,배방 수철리 공인중개사무소,,아산 탕정 명암리 공인중개사무소,,탕정 명암리 공인중개사무소,,,
,아산 배방 수철리 공인중개사무실,,배방 수철리 공인중개사무실,,아산 탕정 명암리 공인중개사무실,,탕정 명암리 공인중개사무실,,,
,아산 배방 공수리 부동산,,배방 공수리 부동산,,아산 탕정 갈산리 부동산,,탕정 갈산리 부동산,,,
,아산 배방 공수리 분양,,배방 공수리 분양,,아산 탕정 갈산리 분양,,탕정 갈산리 분양,,,
,아산 배방 공수리 공인중개사,,배방 공수리 공인중개사,,아산 탕정 갈산리 공인중개사,,탕정 갈산리 공인중개사,,,
,아산 배방 공수리 부동산사무실,,배방 공수리 부동산사무실,,아산 탕정 갈산리 부동산사무실,,탕정 갈산리 부동산사무실,,,
,아산 배방 공수리 공인중개사사무소,,배방 공수리 공인중개사사무소,,아산 탕정 갈산리 공인중개사사무소,,탕정 갈산리 공인중개사사무소,,,
,아산 배방 공수리 공인중개사무소,,배방 공수리 공인중개사무소,,아산 탕정 갈산리 공인중개사무소,,탕정 갈산리 공인중개사무소,,,
,아산 배방 공수리 공인중개사무실,,배방 공수리 공인중개사무실,,아산 탕정 갈산리 공인중개사무실,,탕정 갈산리 공인중개사무실,,,
,아산 배방 북수리 부동산,,배방 북수리 부동산,,아산 탕정 호산리 부동산,,탕정 호산리 부동산,,,
,아산 배방 북수리 분양,,배방 북수리 분양,,아산 탕정 호산리 분양,,탕정 호산리 분양,,,
,아산 배방 북수리 공인중개사,,배방 북수리 공인중개사,,아산 탕정 호산리 공인중개사,,탕정 호산리 공인중개사,,,
,아산 배방 북수리 부동산사무실,,배방 북수리 부동산사무실,,아산 탕정 호산리 부동산사무실,,탕정 호산리 부동산사무실,,,
,아산 배방 북수리 공인중개사사무소,,배방 북수리 공인중개사사무소,,아산 탕정 호산리 공인중개사사무소,,탕정 호산리 공인중개사사무소,,,
,아산 배방 북수리 공인중개사무소,,배방 북수리 공인중개사무소,,아산 탕정 호산리 공인중개사무소,,탕정 호산리 공인중개사무소,,,
,아산 배방 북수리 공인중개사무실,,배방 북수리 공인중개사무실,,아산 탕정 호산리 공인중개사무실,,탕정 호산리 공인중개사무실,,,
,아산 배방 세교리 부동산,,배방 세교리 부동산,,아산 탕정 동산리 부동산,,탕정 동산리 부동산,,,
,아산 배방 세교리 분양,,배방 세교리 분양,,아산 탕정 동산리 분양,,탕정 동산리 분양,,,
,아산 배방 세교리 공인중개사,,배방 세교리 공인중개사,,아산 탕정 동산리 공인중개사,,탕정 동산리 공인중개사,,,
,아산 배방 세교리 부동산사무실,,배방 세교리 부동산사무실,,아산 탕정 동산리 부동산사무실,,탕정 동산리 부동산사무실,,,
,아산 배방 세교리 공인중개사사무소,,배방 세교리 공인중개사사무소,,아산 탕정 동산리 공인중개사사무소,,탕정 동산리 공인중개사사무소,,,
,아산 배방 세교리 공인중개사무소,,배방 세교리 공인중개사무소,,아산 탕정 동산리 공인중개사무소,,탕정 동산리 공인중개사무소,,,
,아산 배방 세교리 공인중개사무실,,배방 세교리 공인중개사무실,,아산 탕정 동산리 공인중개사무실,,탕정 동산리 공인중개사무실,,,
,아산 배방 휴대리 부동산,,배방 휴대리 부동산,,아산시 탕정면 매곡리 부동산,,,,,
,아산 배방 휴대리 분양,,배방 휴대리 분양,,아산시 탕정면 매곡리 분양,,,,,
,아산 배방 휴대리 공인중개사,,배방 휴대리 공인중개사,,아산시 탕정면 매곡리 공인중개사,,,,,
,아산 배방 휴대리 부동산사무실,,배방 휴대리 부동산사무실,,아산시 탕정면 매곡리 부동산사무실,,,,,
,아산 배방 휴대리 공인중개사사무소,,배방 휴대리 공인중개사사무소,,아산시 탕정면 매곡리 공인중개사사무소,,,,,
,아산 배방 휴대리 공인중개사무소,,배방 휴대리 공인중개사무소,,아산시 탕정면 매곡리 공인중개사무소,,,,,
,아산 배방 휴대리 공인중개사무실,,배방 휴대리 공인중개사무실,,아산시 탕정면 매곡리 공인중개사무실,,,,,
,아산 배방 장재리 부동산,,배방 장재리 부동산,,아산시 탕정면 명암리 부동산,,,,,
,아산 배방 장재리 분양,,배방 장재리 분양,,아산시 탕정면 명암리 분양,,,,,
,아산 배방 장재리 공인중개사,,배방 장재리 공인중개사,,아산시 탕정면 명암리 공인중개사,,,,,
,아산 배방 장재리 부동산사무실,,배방 장재리 부동산사무실,,아산시 탕정면 명암리 부동산사무실,,,,,
,아산 배방 장재리 공인중개사사무소,,배방 장재리 공인중개사사무소,,아산시 탕정면 명암리 공인중개사사무소,,,,,
,아산 배방 장재리 공인중개사무소,,배방 장재리 공인중개사무소,,아산시 탕정면 명암리 공인중개사무소,,,,,
,아산 배방 장재리 공인중개사무실,,배방 장재리 공인중개사무실,,아산시 탕정면 명암리 공인중개사무실,,,,,
,아산시 배방읍 수철리 부동산,,,,아산시 탕정면 갈산리 부동산,,,,,
,아산시 배방읍 수철리 분양,,,,아산시 탕정면 갈산리 분양,,,,,
,아산시 배방읍 수철리 공인중개사,,,,아산시 탕정면 갈산리 공인중개사,,,,,
,아산시 배방읍 수철리 부동산사무실,,,,아산시 탕정면 갈산리 부동산사무실,,,,,
,아산시 배방읍 수철리 공인중개사사무소,,,,아산시 탕정면 갈산리 공인중개사사무소,,,,,
,아산시 배방읍 수철리 공인중개사무소,,,,아산시 탕정면 갈산리 공인중개사무소,,,,,
,아산시 배방읍 수철리 공인중개사무실,,,,아산시 탕정면 갈산리 공인중개사무실,,,,,
,아산시 배방읍 공수리 부동산,,,,아산시 탕정면 호산리 부동산,,,,,
,아산시 배방읍 공수리 분양,,,,아산시 탕정면 호산리 분양,,,,,
,아산시 배방읍 공수리 공인중개사,,,,아산시 탕정면 호산리 공인중개사,,,,,
,아산시 배방읍 공수리 부동산사무실,,,,아산시 탕정면 호산리 부동산사무실,,,,,
,아산시 배방읍 공수리 공인중개사사무소,,,,아산시 탕정면 호산리 공인중개사사무소,,,,,
,아산시 배방읍 공수리 공인중개사무소,,,,아산시 탕정면 호산리 공인중개사무소,,,,,
,아산시 배방읍 공수리 공인중개사무실,,,,아산시 탕정면 호산리 공인중개사무실,,,,,
,아산시 배방읍 북수리 부동산,,,,아산시 탕정면 동산리 부동산,,,,,
,아산시 배방읍 북수리 분양,,,,아산시 탕정면 동산리 분양,,,,,
,아산시 배방읍 북수리 공인중개사,,,,아산시 탕정면 동산리 공인중개사,,,,,
,아산시 배방읍 북수리 부동산사무실,,,,아산시 탕정면 동산리 부동산사무실,,,,,
,아산시 배방읍 북수리 공인중개사사무소,,,,아산시 탕정면 동산리 공인중개사사무소,,,,,
,아산시 배방읍 북수리 공인중개사무소,,,,아산시 탕정면 동산리 공인중개사무소,,,,,
,아산시 배방읍 북수리 공인중개사무실,,,,아산시 탕정면 동산리 공인중개사무실,,,,,
,아산시 배방읍 세교리 부동산,,,,아산시 탕정 매곡리 부동산,,,,,
,아산시 배방읍 세교리 분양,,,,아산시 탕정 매곡리 분양,,,,,
,아산시 배방읍 세교리 공인중개사,,,,아산시 탕정 매곡리 공인중개사,,,,,
,아산시 배방읍 세교리 부동산사무실,,,,아산시 탕정 매곡리 부동산사무실,,,,,
,아산시 배방읍 세교리 공인중개사사무소,,,,아산시 탕정 매곡리 공인중개사사무소,,,,,
,아산시 배방읍 세교리 공인중개사무소,,,,아산시 탕정 매곡리 공인중개사무소,,,,,
,아산시 배방읍 세교리 공인중개사무실,,,,아산시 탕정 매곡리 공인중개사무실,,,,,
,아산시 배방읍 휴대리 부동산,,,,아산시 탕정 명암리 부동산,,,,,
,아산시 배방읍 휴대리 분양,,,,아산시 탕정 명암리 분양,,,,,
,아산시 배방읍 휴대리 공인중개사,,,,아산시 탕정 명암리 공인중개사,,,,,
,아산시 배방읍 휴대리 부동산사무실,,,,아산시 탕정 명암리 부동산사무실,,,,,
,아산시 배방읍 휴대리 공인중개사사무소,,,,아산시 탕정 명암리 공인중개사사무소,,,,,
,아산시 배방읍 휴대리 공인중개사무소,,,,아산시 탕정 명암리 공인중개사무소,,,,,
,아산시 배방읍 휴대리 공인중개사무실,,,,아산시 탕정 명암리 공인중개사무실,,,,,
,아산시 배방읍 장재리 부동산,,,,아산시 탕정 갈산리 부동산,,,,,
,아산시 배방읍 장재리 분양,,,,아산시 탕정 갈산리 분양,,,,,
,아산시 배방읍 장재리 공인중개사,,,,아산시 탕정 갈산리 공인중개사,,,,,
,아산시 배방읍 장재리 부동산사무실,,,,아산시 탕정 갈산리 부동산사무실,,,,,
,아산시 배방읍 장재리 공인중개사사무소,,,,아산시 탕정 갈산리 공인중개사사무소,,,,,
,아산시 배방읍 장재리 공인중개사무소,,,,아산시 탕정 갈산리 공인중개사무소,,,,,
,아산시 배방읍 장재리 공인중개사무실,,,,아산시 탕정 갈산리 공인중개사무실,,,,,
,아산시 배방 수철리 부동산,,,,아산시 탕정 호산리 부동산,,,,,
,아산시 배방 수철리 분양,,,,아산시 탕정 호산리 분양,,,,,
,아산시 배방 수철리 공인중개사,,,,아산시 탕정 호산리 공인중개사,,,,,
,아산시 배방 수철리 부동산사무실,,,,아산시 탕정 호산리 부동산사무실,,,,,
,아산시 배방 수철리 공인중개사사무소,,,,아산시 탕정 호산리 공인중개사사무소,,,,,
,아산시 배방 수철리 공인중개사무소,,,,아산시 탕정 호산리 공인중개사무소,,,,,
,아산시 배방 수철리 공인중개사무실,,,,아산시 탕정 호산리 공인중개사무실,,,,,
,아산시 배방 공수리 부동산,,,,아산시 탕정 동산리 부동산,,,,,
,아산시 배방 공수리 분양,,,,아산시 탕정 동산리 분양,,,,,
,아산시 배방 공수리 공인중개사,,,,아산시 탕정 동산리 공인중개사,,,,,
,아산시 배방 공수리 부동산사무실,,,,아산시 탕정 동산리 부동산사무실,,,,,
,아산시 배방 공수리 공인중개사사무소,,,,아산시 탕정 동산리 공인중개사사무소,,,,,
,아산시 배방 공수리 공인중개사무소,,,,아산시 탕정 동산리 공인중개사무소,,,,,
,아산시 배방 공수리 공인중개사무실,,,,아산시 탕정 동산리 공인중개사무실,,,,,
,아산시 배방 북수리 부동산,,,,,,,,,
,아산시 배방 북수리 분양,,,,,,,,,
,아산시 배방 북수리 공인중개사,,,,,,,,,
,아산시 배방 북수리 부동산사무실,,,,,,,,,
,아산시 배방 북수리 공인중개사사무소,,,,,,,,,
,아산시 배방 북수리 공인중개사무소,,,,,,,,,
,아산시 배방 북수리 공인중개사무실,,,,,,,,,
,아산시 배방 세교리 부동산,,,,,,,,,
,아산시 배방 세교리 분양,,,,,,,,,
,아산시 배방 세교리 공인중개사,,,,,,,,,
,아산시 배방 세교리 부동산사무실,,,,,,,,,
,아산시 배방 세교리 공인중개사사무소,,,,,,,,,
,아산시 배방 세교리 공인중개사무소,,,,,,,,,
,아산시 배방 세교리 공인중개사무실,,,,,,,,,
,아산시 배방 휴대리 부동산,,,,,,,,,
,아산시 배방 휴대리 분양,,,,,,,,,
,아산시 배방 휴대리 공인중개사,,,,,,,,,
,아산시 배방 휴대리 부동산사무실,,,,,,,,,
,아산시 배방 휴대리 공인중개사사무소,,,,,,,,,
,아산시 배방 휴대리 공인중개사무소,,,,,,,,,
,아산시 배방 휴대리 공인중개사무실,,,,,,,,,
,아산시 배방 장재리 부동산,,,,,,,,,
,아산시 배방 장재리 분양,,,,,,,,,
,아산시 배방 장재리 공인중개사,,,,,,,,,
,아산시 배방 장재리 부동산사무실,,,,,,,,,
,아산시 배방 장재리 공인중개사사무소,,,,,,,,,
,아산시 배방 장재리 공인중개사무소,,,,,,,,,
,아산시 배방 장재리 공인중개사무실,,,,,,,,,